Workbook

Sheet Dashboard
B2: 🏋️ GUHAN'S 90-DAY FITNESS & LIFE TRACKER
B4: Program: Oct 1, 2026 -> Dec 30, 2026 | Fat Loss + Fitness + Posture + Flexibility | Daily Checklist + Expenses
B6: Program Day | D6: Workouts Completed | F6: This Week's Workouts | H6: Avg Sleep (hrs)
B7: =MIN(90,MAX(0,TODAY()-$B$20+1)) -> 2 | D7: =COUNTIF('Daily Tracker'!D2:D91,"Yes") -> 0 | F7: =COUNTIFS('Daily Tracker'!A2:A91,">="&(TODAY()-WEEKDAY(TODAY(),3)),'Daily Tracker'!A2:A91,"<="&TODAY(),'Daily Tracker'!D2:D91,"Yes") -> 0 | H7: =IFERROR(ROUND(AVERAGE('Daily Tracker'!G2:G91),1),0) -> 0
B10: BODY MEASUREMENTS - QUICK COMPARE
B11: Metric | C11: Day 1 (Baseline) | D11: Latest | E11: Change | F11: Goal
B12: Weight (kg) | E12: =IF(OR(C12="",D12=""),"",D12-C12)
B13: Chest (cm) | E13: =IF(OR(C13="",D13=""),"",D13-C13)
B14: Waist (cm) | E14: =IF(OR(C14="",D14=""),"",D14-C14)
B15: Hip (cm) | E15: =IF(OR(C15="",D15=""),"",D15-C15)
B16: Push-ups (max) | E16: =IF(OR(C16="",D16=""),"",D16-C16)
B17: Pull-ups (max) | E17: =IF(OR(C17="",D17=""),"",D17-C17)
B18: Squats (max) | E18: =IF(OR(C18="",D18=""),"",D18-C18)
A20: Program Start Date -> | B20: 46296
B22: Legend: Yellow cells = fill in yourself. Colored KPI cards = auto-calculated from the Daily Tracker sheet.
B25: WEIGHT TREND | H25: WEEKLY WORKOUT CONSISTENCY

Sheet Daily Tracker
A1: Date | B1: Day # | C1: Phase | D1: Workout Completed | E1: Workout Type | F1: Steps | G1: Sleep (hrs) | H1: Water (L) | I1: Energy (1-5) | J1: Mood (1-5) | K1: Difficulty/RPE (1-10) | L1: Morning Mobility | M1: Night Stretch | N1: Day Complete? | O1: Notes
A2: 46296 | B2: 1 | C2: Foundation | N2: =IF(AND(D2="",L2="",M2=""),"",IF(AND(OR(D2="Yes",D2="Partial"),L2="Yes",M2="Yes"),"Done","Pending"))
A3: 46297 | B3: 2 | C3: Foundation | N3: =IF(AND(D3="",L3="",M3=""),"",IF(AND(OR(D3="Yes",D3="Partial"),L3="Yes",M3="Yes"),"Done","Pending"))
A4: 46298 | B4: 3 | C4: Foundation | N4: =IF(AND(D4="",L4="",M4=""),"",IF(AND(OR(D4="Yes",D4="Partial"),L4="Yes",M4="Yes"),"Done","Pending"))
A5: 46299 | B5: 4 | C5: Foundation | N5: =IF(AND(D5="",L5="",M5=""),"",IF(AND(OR(D5="Yes",D5="Partial"),L5="Yes",M5="Yes"),"Done","Pending"))
A6: 46300 | B6: 5 | C6: Foundation | N6: =IF(AND(D6="",L6="",M6=""),"",IF(AND(OR(D6="Yes",D6="Partial"),L6="Yes",M6="Yes"),"Done","Pending"))
A7: 46301 | B7: 6 | C7: Foundation | N7: =IF(AND(D7="",L7="",M7=""),"",IF(AND(OR(D7="Yes",D7="Partial"),L7="Yes",M7="Yes"),"Done","Pending"))
A8: 46302 | B8: 7 | C8: Foundation | N8: =IF(AND(D8="",L8="",M8=""),"",IF(AND(OR(D8="Yes",D8="Partial"),L8="Yes",M8="Yes"),"Done","Pending"))
A9: 46303 | B9: 8 | C9: Foundation | N9: =IF(AND(D9="",L9="",M9=""),"",IF(AND(OR(D9="Yes",D9="Partial"),L9="Yes",M9="Yes"),"Done","Pending"))
A10: 46304 | B10: 9 | C10: Foundation | N10: =IF(AND(D10="",L10="",M10=""),"",IF(AND(OR(D10="Yes",D10="Partial"),L10="Yes",M10="Yes"),"Done","Pending"))
A11: 46305 | B11: 10 | C11: Foundation | N11: =IF(AND(D11="",L11="",M11=""),"",IF(AND(OR(D11="Yes",D11="Partial"),L11="Yes",M11="Yes"),"Done","Pending"))
A12: 46306 | B12: 11 | C12: Foundation | N12: =IF(AND(D12="",L12="",M12=""),"",IF(AND(OR(D12="Yes",D12="Partial"),L12="Yes",M12="Yes"),"Done","Pending"))
A13: 46307 | B13: 12 | C13: Foundation | N13: =IF(AND(D13="",L13="",M13=""),"",IF(AND(OR(D13="Yes",D13="Partial"),L13="Yes",M13="Yes"),"Done","Pending"))
... A91: 46385 | B91: 90 | C91: Performance | N91: =IF(AND(D91="",L91="",M91=""),"",IF(AND(OR(D91="Yes",D91="Partial"),L91="Yes",M91="Yes"),"Done","Pending"))

Sheet Weekly Review
A1: Week # | B1: Week Dates | C1: Avg Weight (kg) | D1: Waist (cm) | E1: Workouts Completed (/4) | F1: Avg Steps | G1: Strength Improvement | H1: Cardio Improvement | I1: Sleep Quality (1-5) | J1: Energy (1-5) | K1: Biggest Achievement | L1: Biggest Difficulty | M1: Plan Change for Next Week
A2: 1 | B2: 01-Oct to 07-Oct | E2: =COUNTIFS('Daily Tracker'!$B$2:$B$91,">="&1,'Daily Tracker'!$B$2:$B$91,"<="&7,'Daily Tracker'!$D$2:$D$91,"Yes") -> 0
A3: 2 | B3: 08-Oct to 14-Oct | E3: =COUNTIFS('Daily Tracker'!$B$2:$B$91,">="&8,'Daily Tracker'!$B$2:$B$91,"<="&14,'Daily Tracker'!$D$2:$D$91,"Yes") -> 0
A4: 3 | B4: 15-Oct to 21-Oct | E4: =COUNTIFS('Daily Tracker'!$B$2:$B$91,">="&15,'Daily Tracker'!$B$2:$B$91,"<="&21,'Daily Tracker'!$D$2:$D$91,"Yes") -> 0
A5: 4 | B5: 22-Oct to 28-Oct | E5: =COUNTIFS('Daily Tracker'!$B$2:$B$91,">="&22,'Daily Tracker'!$B$2:$B$91,"<="&28,'Daily Tracker'!$D$2:$D$91,"Yes") -> 0
A6: 5 | B6: 29-Oct to 04-Nov | E6: =COUNTIFS('Daily Tracker'!$B$2:$B$91,">="&29,'Daily Tracker'!$B$2:$B$91,"<="&35,'Daily Tracker'!$D$2:$D$91,"Yes") -> 0
A7: 6 | B7: 05-Nov to 11-Nov | E7: =COUNTIFS('Daily Tracker'!$B$2:$B$91,">="&36,'Daily Tracker'!$B$2:$B$91,"<="&42,'Daily Tracker'!$D$2:$D$91,"Yes") -> 0
A8: 7 | B8: 12-Nov to 18-Nov | E8: =COUNTIFS('Daily Tracker'!$B$2:$B$91,">="&43,'Daily Tracker'!$B$2:$B$91,"<="&49,'Daily Tracker'!$D$2:$D$91,"Yes") -> 0
A9: 8 | B9: 19-Nov to 25-Nov | E9: =COUNTIFS('Daily Tracker'!$B$2:$B$91,">="&50,'Daily Tracker'!$B$2:$B$91,"<="&56,'Daily Tracker'!$D$2:$D$91,"Yes") -> 0
A10: 9 | B10: 26-Nov to 02-Dec | E10: =COUNTIFS('Daily Tracker'!$B$2:$B$91,">="&57,'Daily Tracker'!$B$2:$B$91,"<="&63,'Daily Tracker'!$D$2:$D$91,"Yes") -> 0
A11: 10 | B11: 03-Dec to 09-Dec | E11: =COUNTIFS('Daily Tracker'!$B$2:$B$91,">="&64,'Daily Tracker'!$B$2:$B$91,"<="&70,'Daily Tracker'!$D$2:$D$91,"Yes") -> 0
A12: 11 | B12: 10-Dec to 16-Dec | E12: =COUNTIFS('Daily Tracker'!$B$2:$B$91,">="&71,'Daily Tracker'!$B$2:$B$91,"<="&77,'Daily Tracker'!$D$2:$D$91,"Yes") -> 0
A13: 12 | B13: 17-Dec to 23-Dec | E13: =COUNTIFS('Daily Tracker'!$B$2:$B$91,">="&78,'Daily Tracker'!$B$2:$B$91,"<="&84,'Daily Tracker'!$D$2:$D$91,"Yes") -> 0
A14: 13 | B14: 24-Dec to 30-Dec | E14: =COUNTIFS('Daily Tracker'!$B$2:$B$91,">="&85,'Daily Tracker'!$B$2:$B$91,"<="&91,'Daily Tracker'!$D$2:$D$91,"Yes") -> 0

Sheet Monthly Checkpoints
A1: MONTHLY CHECKPOINTS - Day 1 / 30 / 60 / 90
A3: Metric | B3: Day 1 | C3: Day 30 | D3: Day 60 | E3: Day 90 | F3: Total Change
A4: BODY
A5: Weight (kg) | F5: =IF(OR(B5="",E5=""),"",E5-B5)
A6: Chest (cm) | F6: =IF(OR(B6="",E6=""),"",E6-B6)
A7: Waist (cm) | F7: =IF(OR(B7="",E7=""),"",E7-B7)
A8: Hip (cm) | F8: =IF(OR(B8="",E8=""),"",E8-B8)
A9: PERFORMANCE
A10: Push-ups (max) | F10: =IF(OR(B10="",E10=""),"",E10-B10)
A11: Pull-ups (max) | F11: =IF(OR(B11="",E11=""),"",E11-B11)
A12: Squats (max) | F12: =IF(OR(B12="",E12=""),"",E12-B12)
A13: Plank Hold (sec) | F13: =IF(OR(B13="",E13=""),"",E13-B13)
A14: 20-min Walk/Jog Distance (km) | F14: =IF(OR(B14="",E14=""),"",E14-B14)
A15: SUBJECTIVE (1-5)
A16: Energy | F16: =IF(OR(B16="",E16=""),"",E16-B16)
A17: Confidence | F17: =IF(OR(B17="",E17=""),"",E17-B17)
A18: Posture Comfort | F18: =IF(OR(B18="",E18=""),"",E18-B18)
A19: Sleep Quality | F19: =IF(OR(B19="",E19=""),"",E19-B19)
A20: Overall Fitness | F20: =IF(OR(B20="",E20=""),"",E20-B20)

Sheet Bad Day Guide
B2: BAD DAY DECISION FLOW - How Are You Feeling Today?
B4: Good energy, on schedule | E4: -> | F4: -> FULL WORKOUT as planned
B7: Tired from study/work, but okay | E7: -> | F7: -> Do the workout, drop to 2 sets instead of 3
B10: Very little time today | E10: -> | F10: -> MINIMUM VIABLE WORKOUT (5 min: squats + incline push-ups + plank + glute bridge + superman)
B13: Exhausted, unwell, or back pain flares up | E13: -> | F13: -> SKIP training. Gentle stretch only. Prioritize sleep. See a doctor if back pain is sharp/shooting.
B17: HOW TO TELL THE DIFFERENCE
B18: Normal muscle soreness | E18: Dull ache, both sides, eases after warm-up, gone in 2-3 days
B19: Excessive fatigue | E19: Whole-body heaviness, poor sleep, mood dip - reduce volume this week
B20: Injury/back warning sign | E20: Sharp, one-sided, shooting pain, numbness/tingling - STOP and consult your doctor

Sheet Daily Expenses
B2: DAILY EXPENSES TRACKER
B4: Oct 1 - Dec 30, 2026 | Log every expense below - totals and charts update automatically
B6: Total Spent (Rs) | D6: Transactions Logged | F6: Avg per Day (Rs)
B7: =SUM('Daily Expenses'!E25:E144) -> 0 | D7: =SUMPRODUCT((('Daily Expenses'!B25:B144)<>"")*1) -> 0 | F7: =IFERROR(ROUND(SUM('Daily Expenses'!E25:E144)/90,0),0) -> 0
B10: MONTHLY BUDGET vs ACTUAL | I10: CATEGORY BREAKDOWN (Full Program)
B11: Month | C11: Budget (Rs) | D11: Actual Spent (Rs) | E11: Remaining (Rs) | F11: % Used | I11: Category | J11: Total Spent (Rs)
B12: October 2026 | D12: =SUMIFS('Daily Expenses'!$E$25:$E$144,'Daily Expenses'!$B$25:$B$144,">="&DATE(2026,10,1),'Daily Expenses'!$B$25:$B$144,"<"&DATE(2026,11,1)) -> 0 | E12: =IF(C12="","",C12-D12) | F12: =IF(OR(C12="",C12=0),"",D12/C12) | I12: Food | J12: =SUMIFS('Daily Expenses'!$E$25:$E$144,'Daily Expenses'!$C$25:$C$144,I12) -> 0
B13: November 2026 | D13: =SUMIFS('Daily Expenses'!$E$25:$E$144,'Daily Expenses'!$B$25:$B$144,">="&DATE(2026,11,1),'Daily Expenses'!$B$25:$B$144,"<"&DATE(2026,12,1)) -> 0 | E13: =IF(C13="","",C13-D13) | F13: =IF(OR(C13="",C13=0),"",D13/C13) | I13: Transport | J13: =SUMIFS('Daily Expenses'!$E$25:$E$144,'Daily Expenses'!$C$25:$C$144,I13) -> 0
B14: December 2026 | D14: =SUMIFS('Daily Expenses'!$E$25:$E$144,'Daily Expenses'!$B$25:$B$144,">="&DATE(2026,12,1),'Daily Expenses'!$B$25:$B$144,"<"&DATE(2027,1,1)) -> 0 | E14: =IF(C14="","",C14-D14) | F14: =IF(OR(C14="",C14=0),"",D14/C14) | I14: College/Stationery | J14: =SUMIFS('Daily Expenses'!$E$25:$E$144,'Daily Expenses'!$C$25:$C$144,I14) -> 0
I15: Fitness/Equipment | J15: =SUMIFS('Daily Expenses'!$E$25:$E$144,'Daily Expenses'!$C$25:$C$144,I15) -> 0
I16: Mobile/Recharge | J16: =SUMIFS('Daily Expenses'!$E$25:$E$144,'Daily Expenses'!$C$25:$C$144,I16) -> 0
I17: Entertainment | J17: =SUMIFS('Daily Expenses'!$E$25:$E$144,'Daily Expenses'!$C$25:$C$144,I17) -> 0
I18: Other | J18: =SUMIFS('Daily Expenses'!$E$25:$E$144,'Daily Expenses'!$C$25:$C$144,I18) -> 0
B23: EXPENSE LOG - add a row for every expense
B24: Date | C24: Category | D24: Description | E24: Amount (Rs) | F24: Payment Method

Sheet How To Use
B2: HOW TO USE THIS TRACKER
B4: 1. Daily Tracker | C4: Fill in every day as a checklist: Workout Completed, Morning Mobility, Night Stretch all use dropdowns. 'Day Complete?' fills itself in once all three are set.
B5: 2. Dashboard | C5: Auto-updates from Daily Tracker. Fill the yellow cells in Body Measurements yourself (baseline once, then update 'Latest' periodically).
B6: 3. Weekly Review | C6: Every Sunday, fill the yellow cells based on your week. Workouts Completed auto-counts from Daily Tracker.
B7: 4. Monthly Checkpoints | C7: Fill in on Day 1, 30, 60, and 90 - this is your big-picture progress proof.
B8: 5. Bad Day Guide | C8: Check this anytime you're unsure whether to train hard, train light, or rest.
B9: 6. Daily Expenses | C9: Log every expense as a row in the Expense Log (date, category, description, amount, payment method). Set a monthly Budget in the yellow cells - Actual, Remaining, and the charts update automatically.
B10: Color Key | C10: Yellow fill = type your own data here. Green = completed/good/under budget. Red = missed/over budget. Everything else is automatic.
